{
  "assetsByChunkName": {
    "vendors~app-account~app-confirmation~app-order": "chunk.026ee577ed3e6173795f.js",
    "vendors~app-account~app-checkout": "chunk.af758e95a70db10a95c3.js",
    "vendors~app-cart~app-checkout": "chunk.e2cb16e4ffa7041ec12e.js",
    "admin": [
      "admin.ac6b5b0796d27c6af8a8.js",
      "admin.ac6b5b0796d27c6af8a8.js.map"
    ],
    "app-account": "chunk.e63a6214a9df43227aa7.js",
    "app-cart": "chunk.7103ac717b3ab5c01422.js",
    "app-checkout": "chunk.da178c46f3a3610b1685.js",
    "app-confirmation": "chunk.188f3aebe8678bc34276.js",
    "checkout": [
      "checkout.03108384906bfb752a9a.js",
      "checkout.03108384906bfb752a9a.js.map"
    ],
    "storefront": [
      "storefront.2b74098cafcbb30451d9.css",
      "storefront.301d7ecf5a3e34a8fa00.js",
      "storefront.2b74098cafcbb30451d9.css.map",
      "storefront.301d7ecf5a3e34a8fa00.js.map"
    ],
    "vendors~app-cart": "chunk.58b01b48cf3d473ce329.js",
    "vendors~app-order": "chunk.20df1f3898740b8560fc.js"
  }
}