{
  "body": "Conexão Home - Conectando Você ao Melhor da Casa!",
  "title": "Clube Conexão",
  "meta_title": "Clube Conexão: Benefício Exclusivo de CashBack | Conexão Home",
  "meta_description": "Com nosso programa clube conexão, qualquer compra realizada em nosso site garante 10% de CashBack para usar na próxima compra. É simples: compre, acumule e economize!",
  "sections": [
    {
      "type": "custom-content",
      "markdown": "\n\n**CLUBE CONEXÃO: Benefício Exclusivo de CashBack na Conexão Home.**\n\nDescubra o Clube Conexão e Aproveite 10% de CashBack em Suas Compras na Conexão Home!\n\nValorizar nossos clientes é a nossa prioridade. Por isso, criamos o Clube Conexão, um programa de benefícios exclusivo que oferece 10% de CashBack em todas as suas compras, para você economizar enquanto aproveita nossos produtos de qualidade.\n\n**\\\nComo Funciona o Clube Conexão?**É simples! Cada vez que você realiza uma compra no nosso site, você ganha 10% de CashBack para usar na sua próxima compra. Cada ponto vale R$1, e você pode acumular até 300 pontos (equivalente a R$300) por compra. O CashBack tem um limite máximo, não excedendo compras acima de R$3.000.\n\n**\\\nQuando Posso Utilizar Meu CashBack?**O valor de 10% em CashBack ficará disponível 3 dias após a sua última compra e poderá ser usado em qualquer compra no site.\n\n**\\\nComo Faço Para Utilizar?**\\\nApós os três dias de espera, seu CashBack estará disponível na sua conta, e você poderá usá-lo comprando qualquer produto no nosso site.\n\n**Por Quanto Tempo Posso Utilizar Meu CashBack?**O valor acumulado em CashBack fica disponível para uso por até 120 dias a partir da última compra.**\\\nVantagens do Clube Conexão**\n\n* Economia Garantida: Com 10% de CashBack, você economiza a cada compra e aproveita ainda mais nossa ampla variedade de produtos.\n* Variedade de Produtos: Use seu CashBack em nossa seleção de móveis, decorações, utensílios de cozinha e muito mais.\n* Fidelidade Recompensada: Com o Clube Conexão, cada compra vale ainda mais, incentivando você a adquirir seus itens favoritos.\n* Experiência de Compra Facilitada: Acumular e usar seu CashBack é rápido e fácil, tornando sua experiência de compra simples e agradável.\n\n\\\n\\\n**Como Participar do Clube Conexão?\\*\\***\\\n\\\nPara fazer parte do Clube Conexão, basta realizar uma compra em nosso site! Automaticamente, você já estará participando do programa de CashBack.\n\n\\\n**Por que Escolher a Conexão Home?**\\\n\\\nCom mais de 30 anos de experiência no mercado, a Conexão Home oferece produtos de alta qualidade e design inovador, sempre com um atendimento de excelência. Nosso compromisso é proporcionar a melhor experiência de compra, desde a escolha dos produtos até a entrega.\n\n\\\n**Aproveite Já o Clube Conexão**\\\n\\\nNão perca tempo! Junte-se ao Clube Conexão, comece a ganhar 10% de CashBack em suas compras, e aproveite ao máximo a variedade de produtos que só a Conexão Home oferece."
    },
    {
      "type": "shelfs-nav",
      "shuffle": false,
      "limit": 12,
      "page": 1,
      "collection_ids": [
        "63597cce73321213f8be4059:categories:Black Friday:/black-friday-de-moveis-decoracao-utensilios-para-cozinha"
      ],
      "sort": "sales",
      "shelfs_title": "Mais Comprados",
      "autoplay": ""
    }
  ]
}