{
  "title": "Formas de Pagamento",
  "meta_title": "Formas de Pagamento | Conexão Home",
  "meta_description": "Formas De Pagamento, as Melhores Condições de Pagamento Você só Encontra Aqui na Conexão Home. Venha Conferir!",
  "body": "**Cartão de Crédito**\n\nPara compras no Cartão de Crédito, o prazo de aprovação é de até 48 horas. \n\nAlém da confirmação por parte da operadora de cartão de crédito, o pedido passa por uma verificação de segurança, para confirmação dos dados cadastrais informados. Para maior agilidade no processo, é importante preencher o cadastro com precisão e clareza. Em alguns casos, é necessário contato telefônico para confirmação de dados cadastrais, sendo importante informar corretamente no cadastro os telefones para contato. O prazo de entrega é estipulado após a postagem do produto.\n\n\n\n**PIX**\n\nNo caso de Pagamento Via Pix, a confirmação do pagamento é realizada de forma automática e pode levar até 2 horas. O prazo de entrega é estipulado após a postagem do produto.",
  "sections": []
}