{
  "marketing_stripe": {
    "text": "",
    "link": "",
    "background": "#d9d9d9",
    "color": "#e26d03"
  },
  "contacts_stripe": {
    "pages": [],
    "phone_wpp": true,
    "socials": true
  },
  "categories_list": {
    "featured": [
      "/ambientes?Ambientes",
      "/moveis-sofa-para-sala-de-estar?Sofá",
      "/poltrona?Poltrona",
      "/cadeira?Cadeira",
      "/mesa?Mesa",
      "/moveis?Móveis",
      "/decoracao?Decoração",
      "/cozinha-e-mesa-posta?Cozinha e Mesa",
      "/promocao-de-moveis-decoracao-e-utensilios-para-cozinha?Descontos"
    ],
    "random": 0,
    "full_width": true
  },
  "desktop_megamenu": true,
  "search_input": true,
  "alphabetical_order_submenu": true,
  "full_width_submenu": false,
  "menusecundario": {
    "listamenusecundario": []
  }
}