{
  "meta_title": "Conexão Home | O Melhor da Decoração em Sua Casa",
  "meta_description": "Aqui  na Conexão Home Você Encontra Produtos Exclusivos Para Tornar Seu Lar Mais Aconchegante e Acolhedor. Não Perca e Venha Conferir!",
  "sections": [
    {
      "type": "banner-slider",
      "autoplay": 3000,
      "full_width": true,
      "slides": [
        {
          "start": "",
          "end": "",
          "img": "/img/uploads/banner-01-crist.gif",
          "mobile_img": "/img/uploads/banner-01-mobile-crist.gif",
          "link": "https://conexaohome.com.br/moveis-de-madeira-macica-e-mdf"
           "alt": "testeteste"
        },
        {
          "start": "",
          "end": "",
          "img": "/img/uploads/banner-02-13-.jpg",
          "mobile_img": "/img/uploads/banner-02-mobile-12-.jpg",
          "link": "https://conexaohome.com.br/moveis-de-madeira-macica-e-mdf",
          "alt": "Madeira Maciça e Mdf"
        },
        {
          "start": "",
          "end": "",
          "img": "/img/uploads/banner-02.jpg",
          "mobile_img": "/img/uploads/banner-02-mobile-2-.jpg",
          "link": "https://conexaohome.com.br/linha-chestersield",
          "alt": ""
        },
        {
          "start": "",
          "end": "",
          "img": "/img/uploads/banner-01.jpg",
          "mobile_img": "/img/uploads/banner-01-mobile.jpg",
          "link": "https://conexaohome.com.br/linha-de-moveis-rps",
          "alt": "Linha de móveis rps"
        }
      ]
    },
    {
      "type": "info-bar",
      "enabled": false
    },
    {
      "type": "banners-grid-mt",
      "identificador": "content-banner-tarja",
      "banners": [
        {
          "img": "/img/uploads/icon-pix.svg",
          "title": "Ganhe + 10%OFF no PIX"
        },
        {
          "img": "/img/icons-tarja/pin.svg",
          "link": "#",
          "mobile_img": "",
          "alt": "Conheça nossas lojas",
          "title": "Conheça nossas Lojas"
        },
        {
          "img": "/img/icons-tarja/frete.svg",
          "link": "#",
          "mobile_img": "",
          "alt": "Entregamos em todo o brasil",
          "title": "Retire na loja"
        },
        {
          "img": "/img/icons-tarja/whatsapp.svg",
          "link": "#",
          "mobile_img": "",
          "alt": "Compre pelo whatsapp",
          "title": "Entrega para todo o Brasil"
        },
        {
          "img": "/img/icons-tarja/store.svg",
          "link": "https://api.whatsapp.com/send/?phone=551132940706&text&type=phone_number&app_absent=0",
          "mobile_img": "",
          "alt": "Retire na loja",
          "title": "Fale conosco"
        }
      ]
    },
    {
      "type": "collection-shelf",
      "shuffle": false,
      "limit": 12,
      "page": 1,
      "collection_id": "63f637e1f4167e223c97b16a:collections:Páscoa:/decoracao-enfeites-loucas-para-pascoa",
      "sort": "sales"
    },
    {
      "type": "banners-grid",
      "identificador": "banner-triple",
      "banners": [
        {
          "img": "/img/uploads/mini-01-jan.jpg",
          "mobile_img": "",
          "link": "https://conexaohome.com.br/moveis-de-madeira-macica-e-mdf-finestra",
          "alt": "Sala de Estar"
        },
        {
          "img": "/img/uploads/mini-02-jan.jpg",
          "link": "https://conexaohome.com.br/linha-de-moveis-rps",
          "mobile_img": "",
          "alt": "Decoração: Cestaria"
        },
        {
          "img": "/img/uploads/mini-03-jan.jpg",
          "mobile_img": "",
          "link": "https://conexaohome.com.br/search?term=palhinha",
          "alt": ""
        }
      ]
    },
    {
      "type": "banners-grid",
      "identificador": "section-categories-banners",
      "banners": [
        {
          "img": "/img/uploads/acessorios-para-cozinha.png",
          "alt": "Acessórios para cozinha",
          "link": "https://conexaohome.com.br/cozinha-e-mesa-posta",
          "mobile_img": ""
        },
        {
          "img": "/img/uploads/area-externa.png",
          "link": "https://conexaohome.com.br/moveis/area-externa-e-varanda",
          "alt": "Área Externa",
          "mobile_img": ""
        },
        {
          "img": "/img/uploads/decoracao.png",
          "link": "https://conexaohome.com.br/decoracao",
          "alt": "Decoração",
          "mobile_img": ""
        },
        {
          "img": "/img/uploads/exclusivos-conexao-home.png",
          "link": "https://conexaohome.com.br/linha-exclusiva-conexao-home",
          "alt": "Linha Exclusiva Conexão Home",
          "mobile_img": ""
        }
      ]
    },
    {
      "type": "collection-shelf",
      "shuffle": true,
      "limit": 8,
      "page": 1,
      "collection_id": "63597c6073321213f8be3fb9:categories:Linha Burt:/moveis-de-madeira-macica-e-mdf",
      "title": "Linha Burt",
      "headless": false,
      "sort": "sales"
    },
    {
      "type": "collection-shelf",
      "shuffle": false,
      "limit": 12,
      "page": 1,
      "collection_id": "63597d6773321213f8be4160:categories:Linha Chesterfield:/linha-chestersield"
    },
    {
      "type": "collection-shelf",
      "shuffle": false,
      "limit": 12,
      "page": 1,
      "collection_id": "63f78869f4167e223c997bc6:categories:Sofá:/moveis/sofa-para-sala-de-estar"
    },
    {
      "type": "collection-shelf",
      "shuffle": false,
      "limit": 12,
      "page": 1,
      "collection_id": "6320959a73321213f87393f9:categories:Poltrona:/poltrona",
      "title": "Poltronas",
      "sort": "sales"
    },
    {
      "type": "collection-shelf",
      "shuffle": false,
      "limit": 12,
      "page": 1,
      "collection_id": "63208a9b73321213f87378b9:categories:Cadeira:/cadeira",
      "title": "Cadeiras",
      "sort": "news"
    },
    {
      "type": "collection-shelf",
      "shuffle": false,
      "limit": 12,
      "page": 1,
      "collection_id": "63a1cb6c4834634f7318c29a:categories:Lançamentos:/lancamentos-de-moveis-e-decoracao",
      "title": "Lançamentos",
      "sort": "news"
    },
    {
      "type": "shelfs-nav",
      "shuffle": true,
      "limit": 8,
      "page": 1,
      "collection_ids": [
        "64caae6f5e606903707d6deb:collections:Cozinha:/cozinha",
        "64b5a8ff5e6069037068109a:collections:Quem comprou:/quem-comprou"
      ],
      "shelfs_title": "Onde vai começar sua conexão?",
      "sort": "views"
    },
    {
      "type": "newsletter-mt",
      "active": true
    }
  ]
}
