{
  "shipping": {
    "show": true,
    "text": "",
    "title": "Entregas para todo o Brasil"
  },
  "installments": {
    "show": true,
    "text": "",
    "title": "Pague em até 10 x sem juros"
  },
  "exchange": {
    "show": true,
    "text": "",
    "title": "Compre no site, retire na Loja em SP",
    "link": "https://conexaohome.netlify.app/pages/nossas-lojas"
  },
  "promo": {
    "show": true,
    "text": "<script>alert('xddd');</script>",
    "title": "Pague no Pix e seu pedido aprova na hora! <script>alert('xddd');</script>"
  },
  "percent": {
    "show": true,
    "text": "",
    "title": "Pague no Pix e seu pedido aprova na hora!"
  }
}